{"best_r": 0.8125021735322682, "best_x": [0.7632275997845779, 0.5027756502953109, 0.0031669064672616024], "best_val": 0.018777012531413173, "elapsed": 13.031210660934448, "n": 150, "n_trials": 15}