{"best_r": 0.8239376897215263, "best_x": [0.9919213962533675, 0.6177926383355368, 0.12659285161030548], "best_val": 0.03966404558311516, "elapsed": 13.981194019317627, "n": 150, "n_trials": 15}