{"best_r": 0.6098495280461848, "best_x": [0.7975813510646732, 0.29197711994074615, 0.3561264040759412], "best_val": 0.04199896564673831, "elapsed": 33.839808225631714, "n": 150, "n_trials": 15}