{"best_r": 0.73437500068394, "best_x": [0.75, 0.25, 0.75], "best_val": 0.03715893391608158, "elapsed": 4.9270336627960205, "n": 150, "n_trials": 15}