{"best_r": 0.6056148285098512, "best_x": [0.9243987801225684, 0.4056565146393624, 1.0], "best_val": 0.7350843888660819, "elapsed": 419.6687936782837, "n": 150, "n_trials": 15}