{"best_r": 0.41547082962046455, "best_x": [0.22169507660427362, 0.7885978519909936, 0.590436675320071], "best_val": 0.8306944353319677, "elapsed": 102.28667712211609, "n": 150, "n_trials": 15}