{"name": ["shgo_slqsp_sobol_cube", "shgo_powell_sobol_cube", "shgo_nelder_sobol_cube", "shgo_dogleg_sobol_cube", "scipy_slqsp_cube", "scipy_powell_cube", "scipy_nelder_cube", "scipy_dogleg_cube", "pysot_ei_cube", "pysot_lcb_cube", "pysot_random_cube", "pysot_srbf_cube", "pysot_dycors_cube", "ax_default_cube", "optuna_cmaes_cube", "optuna_tpe_cube", "optuna_random_cube", "platypus_genetic_cube", "platypus_evolutionary_cube", "platypus_nsgaii_cube", "platypus_nsgaii_cube", "platypus_cmaes_cube", "platypus_gde3_cube", "platypus_ibea_cube", "platypus_moead_cube", "platypus_omopso_cube", "platypus_smpso_cube", "platypus_spea2_cube", "platypus_epsmoea_cube", "nevergrad_ngopt_cube", "nevergrad_ngopt4_cube", "nevergrad_ngopt8_cube", "nevergrad_de_cube", "nevergrad_portfolio_cube", "nevergrad_oneplus_cube", "nevergrad_cma_cube", "nevergrad_hammersley_cube", "swarmlib_pso_cube", "optuna_random_cube_clone", "hyperopt_atpe_cube", "hyperopt_rand_cube", "hyperopt_tpe_cube", "optuna_random_cube_clone_1", "optuna_random_cube_clone_2", "pymoo_nsga2_cube", "pymoo_nelder_cube", "pymoo_nsga3_cube", "pymoo_unsga3_cube", "pymoo_pattern_cube", "pymoo_brkga_cube", "pymoo_nsga2_cube", "skopt_gp_default_cube"], "count": [3, 6, 4, 10, 13, 12, 11, 15, 8, 9, 9, 3, 9, 5, 0, 7, 13, 17, 12, 18, 0, 11, 14, 11, 11, 9, 11, 6, 11, 9, 9, 11, 8, 5, 13, 13, 7, 9, 7, 13, 8, 9, 10, 8, 9, 7, 6, 7, 8, 7, 0, 2], "rating": [1596.9129165364257, 1628.1579968121127, 1653.4572334298884, 1683.4064783454182, 1709.445204913448, 1688.9052784903972, 1695.4235099212126, 1835.736219509595, 1705.067158244043, 1570.4738278314637, 1371.7352902779946, 1561.0953332330375, 1723.2098186931262, 1630.8970672259013, 1707.3653437362423, 1675.7626126082255, 1600, 1491.213787272142, 1572.1843634752322, 1611.4769146832987, 1600, 1583.411588391993, 1489.2965892915727, 1619.2746660940668, 1570.8417492648387, 1661.5341965900152, 1662.455760753973, 1551.0855541084575, 1492.8177338073565, 1750.5182875879607, 1558.5317721096387, 1657.8116483075396, 1523.3226611451691, 1518.9394540955063, 1486.7905070549052, 1600, 1481.343708707978, 1490.48302652861, 1600, 1648.8518149743088, 1705.1348178697035, 1709.8090797583525, 1600, 1600, 1497.5328642838583, 1518.0470233668145, 1631.6419908025985, 1645.1358883637447, 1695.8335342406767, 1600, 1600, 1564.154274396442], "traceback": ["passing", "passing", "passing", "passing", "passing", "passing", "passing", "passing", "passing", "passing", "passing", "passing", "Traceback (most recent call last):\n  File \"/opt/hostedtoolcache/Python/3.8.7/x64/lib/python3.8/site-packages/timemachines/optimizers/eloratings.py\", line 41, in optimizer_game\n    white_best_val, white_best_x, white_feval_count = white(objective, n_trials=n_white_trials, n_dim=n_dim,\n  File \"/opt/hostedtoolcache/Python/3.8.7/x64/lib/python3.8/site-packages/timemachines/optimizers/pysotcube.py\", line 117, in pysot_dycors_cube\n    return pysot_cube(objective=objective, n_trials=n_trials, n_dim=n_dim, with_count=with_count, method='dycors', design='symmetric' )\n  File \"/opt/hostedtoolcache/Python/3.8.7/x64/lib/python3.8/site-packages/timemachines/optimizers/pysotcube.py\", line 100, in pysot_cube\n    result = controller.run()\n  File \"/opt/hostedtoolcache/Python/3.8.7/x64/lib/python3.8/site-packages/poap/controller.py\", line 344, in run\n    return self._run(merit=merit, filter=filter)\n  File \"/opt/hostedtoolcache/Python/3.8.7/x64/lib/python3.8/site-packages/poap/controller.py\", line 314, in _run\n    proposal = self.strategy.propose_action()\n  File \"/opt/hostedtoolcache/Python/3.8.7/x64/lib/python3.8/site-packages/pySOT/strategy/surrogate_strategy.py\", line 285, in propose_action\n    self.generate_evals(num_pts=1)\n  File \"/opt/hostedtoolcache/Python/3.8.7/x64/lib/python3.8/site-packages/pySOT/strategy/dycors_strategy.py\", line 93, in generate_evals\n    new_points = candidate_dycors(\n  File \"/opt/hostedtoolcache/Python/3.8.7/x64/lib/python3.8/site-packages/pySOT/auxiliary_problems/candidate_dycors.py\", line 92, in candidate_dycors\n    return weighted_distance_merit(\n  File \"/opt/hostedtoolcache/Python/3.8.7/x64/lib/python3.8/site-packages/pySOT/auxiliary_problems/candidate_srbf.py\", line 39, in weighted_distance_merit\n    fvals = surrogate.predict(cand)\n  File \"/opt/hostedtoolcache/Python/3.8.7/x64/lib/python3.8/site-packages/pySOT/surrogate/rbf.py\", line 179, in predict\n    self._fit()\n  File \"/opt/hostedtoolcache/Python/3.8.7/x64/lib/python3.8/site-packages/pySOT/surrogate/rbf.py\", line 166, in _fit\n    self.c = scplinalg.solve_triangular(a=self.L, b=rhs[self.piv], lower=True)\n  File \"/opt/hostedtoolcache/Python/3.8.7/x64/lib/python3.8/site-packages/scipy/linalg/basic.py\", line 334, in solve_triangular\n    b1 = _asarray_validated(b, check_finite=check_finite)\n  File \"/opt/hostedtoolcache/Python/3.8.7/x64/lib/python3.8/site-packages/scipy/_lib/_util.py\", line 262, in _asarray_validated\n    a = toarray(a)\n  File \"/opt/hostedtoolcache/Python/3.8.7/x64/lib/python3.8/site-packages/numpy/lib/function_base.py\", line 488, in asarray_chkfinite\n    raise ValueError(\nValueError: array must not contain infs or NaNs\n", "passing", "passing", "passing", "passing", "passing", "passing", "passing", "not yet run", "passing", "passing", "passing", "passing", "passing", "passing", "passing", "passing", "passing", "passing", "passing", "passing", "passing", "passing", "passing", "passing", "passing", "passing", "passing", "passing", "passing", "passing", "passing", "passing", "passing", "passing", "passing", "passing", "passing", "not yet run", "passing"], "active": [true, true, true, true, true, true, true, true, true, true, true, true, true, true, true, true, true, true, true, true, true, true, true, true, true, true, true, true, true, true, true, true, true, true, true, true, true, true, true, true, true, true, true, true, true, true, true, true, true, true, true, true]}