{"name": ["shgo_slqsp_sobol_cube", "shgo_powell_sobol_cube", "shgo_nelder_sobol_cube", "shgo_dogleg_sobol_cube", "scipy_slqsp_cube", "scipy_powell_cube", "scipy_nelder_cube", "scipy_dogleg_cube", "pysot_ei_cube", "pysot_lcb_cube", "pysot_random_cube", "pysot_srbf_cube", "pysot_dycors_cube", "ax_default_cube", "optuna_cmaes_cube", "optuna_tpe_cube", "optuna_random_cube", "platypus_genetic_cube", "platypus_evolutionary_cube", "platypus_nsgaii_cube", "platypus_nsgaii_cube", "platypus_cmaes_cube", "platypus_gde3_cube", "platypus_ibea_cube", "platypus_moead_cube", "platypus_omopso_cube", "platypus_smpso_cube", "platypus_spea2_cube", "platypus_epsmoea_cube", "nevergrad_ngopt_cube", "nevergrad_ngopt4_cube", "nevergrad_ngopt8_cube", "nevergrad_de_cube", "nevergrad_portfolio_cube", "nevergrad_oneplus_cube", "nevergrad_cma_cube", "nevergrad_hammersley_cube", "swarmlib_pso_cube", "optuna_random_cube_clone", "hyperopt_atpe_cube", "hyperopt_rand_cube", "hyperopt_tpe_cube", "optuna_random_cube_clone_1", "optuna_random_cube_clone_2", "pymoo_nsga2_cube", "pymoo_nelder_cube", "pymoo_nsga3_cube", "pymoo_unsga3_cube", "pymoo_pattern_cube", "pymoo_brkga_cube", "pymoo_nsga2_cube", "skopt_gp_default_cube"], "count": [1, 3, 1, 5, 10, 10, 7, 11, 5, 3, 5, 2, 7, 4, 0, 6, 5, 7, 8, 15, 0, 8, 8, 2, 6, 4, 6, 5, 6, 6, 8, 5, 3, 4, 9, 9, 5, 3, 4, 5, 4, 3, 6, 3, 4, 4, 5, 2, 3, 2, 0, 1], "rating": [1604.9822759224178, 1600, 1658.0021674203415, 1567.9499131794846, 1682.5115336566623, 1711.3316385926403, 1629.8348430007773, 1724.4768607769247, 1758.9108245017799, 1586.4511704488334, 1439.091300957611, 1584.101434590016, 1703.6898008490639, 1568.3066641475102, 1687.1256134101238, 1527.4732973712046, 1600, 1495.5845564223982, 1540.905658293113, 1614.716254483789, 1600, 1570.9876687731685, 1549.9582892874012, 1486.4080355856966, 1580.2053048941511, 1627.969995874123, 1575.090647440828, 1608.586752417285, 1622.9049897156015, 1730.1303945844834, 1625.9722949316833, 1658.7201001849387, 1552.2785445481031, 1505.695843265192, 1598.2236296746491, 1600, 1539.2830926706988, 1490.48302652861, 1600, 1573.1895001461246, 1687.1470354984694, 1564.5630091729656, 1600, 1600, 1513.3889396042139, 1575.8412565408923, 1731.5893616702099, 1627.9987290898603, 1574.5148790115331, 1600, 1600, 1629.4588379465088], "traceback": ["passing", "passing", "passing", "passing", "passing", "passing", "passing", "passing", "passing", "passing", "passing", "passing", "passing", "passing", "passing", "passing", "passing", "passing", "passing", "passing", "not yet run", "passing", "passing", "passing", "passing", "Traceback (most recent call last):\n  File \"/opt/hostedtoolcache/Python/3.8.7/x64/lib/python3.8/site-packages/timemachines/optimizers/eloratings.py\", line 76, in optimizer_game\n    black_best_val, black_best_x, black_feval_count = black(objective, n_trials=n_black_trials,\n  File \"/opt/hostedtoolcache/Python/3.8.7/x64/lib/python3.8/site-packages/timemachines/optimizers/platypuscube.py\", line 84, in platypus_omopso_cube\n    return platypus_cube(objective=objective, n_trials=n_trials, n_dim=n_dim, with_count=with_count,\n  File \"/opt/hostedtoolcache/Python/3.8.7/x64/lib/python3.8/site-packages/timemachines/optimizers/platypuscube.py\", line 45, in platypus_cube\n    algorithm.run(n_trials)\n  File \"/opt/hostedtoolcache/Python/3.8.7/x64/lib/python3.8/site-packages/platypus/core.py\", line 408, in run\n    self.step()\n  File \"/opt/hostedtoolcache/Python/3.8.7/x64/lib/python3.8/site-packages/platypus/algorithms.py\", line 941, in step\n    self.initialize()\n  File \"/opt/hostedtoolcache/Python/3.8.7/x64/lib/python3.8/site-packages/platypus/algorithms.py\", line 949, in initialize\n    self.archive += self.particles\n  File \"/opt/hostedtoolcache/Python/3.8.7/x64/lib/python3.8/site-packages/platypus/core.py\", line 821, in __iadd__\n    self.add(o)\n  File \"/opt/hostedtoolcache/Python/3.8.7/x64/lib/python3.8/site-packages/platypus/core.py\", line 788, in add\n    flags = [self._dominance.compare(solution, s) for s in self._contents]\n  File \"/opt/hostedtoolcache/Python/3.8.7/x64/lib/python3.8/site-packages/platypus/core.py\", line 788, in <listcomp>\n    flags = [self._dominance.compare(solution, s) for s in self._contents]\n  File \"/opt/hostedtoolcache/Python/3.8.7/x64/lib/python3.8/site-packages/platypus/core.py\", line 711, in compare\n    i1 = math.floor(o1 / epsilon)\nValueError: cannot convert float NaN to integer\n", "passing", "passing", "passing", "passing", "passing", "passing", "passing", "passing", "passing", "passing", "passing", "passing", "passing", "passing", "passing", "passing", "passing", "passing", "passing", "passing", "passing", "passing", "passing", "passing", "not yet run", "passing"], "active": [true, true, true, true, true, true, true, true, true, true, true, true, true, true, true, true, true, true, true, true, true, true, true, true, true, true, true, true, true, true, true, true, true, true, true, true, true, true, true, true, true, true, true, true, true, true, true, true, true, true, true, true]}