{"best_r": 0.9868639130022973, "best_x": [0.769933203425557, 0.8209065859832568, 0.9195635112063059], "best_val": 0.03657644301640799, "elapsed": 19.00478434562683, "n": 150, "n_trials": 15}