{"best_r": 0.8238171989320007, "best_x": [0.966377353464552, 0.6137902753234618, 0.13769821164460294], "best_val": 0.03913693068087062, "elapsed": 29.646448850631714, "n": 150, "n_trials": 15}