{"best_r": 0.9129350054198271, "best_x": [0.502704910141031, 0.9831727019244862, 0.7318495667629987], "best_val": 0.9568767860313112, "elapsed": 123.75379014015198, "n": 150, "n_trials": 15}