{"best_r": 0.7027621387529766, "best_x": [0.9782251508467171, 0.19601015315897208, 0.635549579622774], "best_val": 0.04186076994672221, "elapsed": 256.3044319152832, "n": 150, "n_trials": 15}