{"best_r": 0.7472999996946194, "best_x": [0.9906230513143992, 0.4064346482413602, 0.7938434544042909], "best_val": 0.046598050304090206, "elapsed": 29.222221851348877, "n": 150, "n_trials": 15}