{"best_r": 0.7226634348953733, "best_x": [0.760471014398765, 0.38397768413538563, 0.5236341631082716], "best_val": 0.05094233060354837, "elapsed": 4.174028635025024, "n": 150, "n_trials": 15}