{"best_r": 0.5638735895639971, "best_x": [0.8478495718044977, 1.0, 0.09848688363522684], "best_val": 0.027089483710410332, "elapsed": 4.184084892272949, "n": 150, "n_trials": 15}