{"best_r": 0.9953287159980542, "best_x": [0.9919044264535575, 0.808027278092267, 0.8986470059525395], "best_val": 0.053183386897741734, "elapsed": 119.55867528915405, "n": 150, "n_trials": 15}