{"best_r": 0.8221531080288376, "best_x": [0.9774375351364186, 0.5806635976707132, 0.06395939836895081], "best_val": 0.03597980632235291, "elapsed": 34.049524784088135, "n": 150, "n_trials": 15}