{"best_r": 0.7159689569063196, "best_x": [0.999999999998926, 0.1504652288611642, 0.7631294557833532], "best_val": 0.025292223317553632, "elapsed": 13.253740310668945, "n": 150, "n_trials": 15}