{"best_r": 0.8125021753949133, "best_x": [0.7629766557770035, 0.5031892777621133, 0.0031599199127520356], "best_val": 0.034346882238512746, "elapsed": 16.73534893989563, "n": 150, "n_trials": 15}