{"best_r": 0.8477018818703498, "best_x": [0.7650058731354005, 0.8987987213799817, 0.058661563287051854], "best_val": 0.06622457303260208, "elapsed": 4.262681245803833, "n": 150, "n_trials": 15}