{"best_r": 0.046966731592050504, "best_x": [1.0, 0.2857142857142857, 0.2857142857142857], "best_val": 0.3339788781071451, "elapsed": 724.7467432022095, "n": 150, "n_trials": 15}