{"best_r": 0.6983331653273973, "best_x": [0.9664436419338063, 0.062479732328863835, 0.641081970342055], "best_val": 0.05616832600928876, "elapsed": 29.227128505706787, "n": 150, "n_trials": 15}