{"best_r": 0.6091130837882991, "best_x": [0.9754273493076562, 0.4947162883761518, 0.17693846273794278], "best_val": 0.050310942579567884, "elapsed": 28.220274209976196, "n": 150, "n_trials": 15}