{"best_r": 0.9849249888071092, "best_x": [0.7502376304325453, 0.8498632941414189, 0.7633391649195261], "best_val": 0.05356158392832837, "elapsed": 95.44663333892822, "n": 150, "n_trials": 15}